age,workclass,fnlwgt,education,educational-num,marital-status,occupation,relationship,race,gender,capital-gain,capital-loss,hours-per-week,native-country,income
47,Private,362835,Bachelors,13,Married-civ-spouse,Sales,Husband,?,Male,,0,60,United-States,1
45.41584181,Private,275790.7908,Some-college,10,Married-civ-spouse,Farming-fishing,Wife,White,Female,-0.859940068,0.864012776,19.48574288,United-States,0
29,Private,146949,Assoc-voc,11,Married-civ-spouse,Prof-specialty,Husband,White,Male,0,0,43,United-States,1
46,Private,173938,Masters,14,Married-civ-spouse,Prof-specialty,Husband,White,Male,15024,0,50,United-States,1
24.89323312,Private,124907.4499,Assoc-acdm,12,Married-civ-spouse,Sales,Husband,White,Male,0.630148776,-1.876718731,41.53057532,United-States,1
72,?,33608,Some-college,10,Married-civ-spouse,?,Husband,White,Male,9386,0,30,United-States,1
43,Local-gov,96102,Some-college,10,Married-civ-spouse,Protective-serv,Husband,White,?,0,1887,,United-States,1
50,Self-emp-not-inc,42402,Prof-school,15,Married-civ-spouse,Prof-specialty,Husband,White,Male,0,2415,30,United-States,1
32,Private,101352,Some-college,10,Married-civ-spouse,Tech-support,Wife,White,Female,0,0,32,United-States,1
56,Federal-gov,205805,Bachelors,13,Married-civ-spouse,Exec-managerial,Husband,White,Male,7688,0,40,United-States,1
51,Private,172046,Masters,14,Married-civ-spouse,Exec-managerial,Husband,White,Male,0,1977,50,United-States,1
18,Private,,11th,7,Never-married,?,Own-child,White,Female,0,0,19,United-States,0
22,Private,264738,HS-grad,9,Never-married,Exec-managerial,Other-relative,White,Female,0,0,42,Germany,0
32,Private,340940,Bachelors,13,Married-civ-spouse,Exec-managerial,Husband,White,Male,0,0,40,United-States,0
22,Local-gov,212213,Some-college,10,Never-married,Adm-clerical,Own-child,Black,Female,0,0,40,United-States,0
59,Private,116637,HS-grad,9,Married-civ-spouse,Craft-repair,Husband,White,Male,0,0,40,United-States,0
44,Self-emp-not-inc,483201,Bachelors,13,Married-civ-spouse,Exec-managerial,Husband,White,Male,0,0,40,United-States,1
43,Local-gov,147328,Masters,14,Married-civ-spouse,Exec-managerial,Husband,White,Male,0,1977,60,United-States,1
45,Self-emp-inc,270535,Bachelors,13,Married-civ-spouse,Prof-specialty,Husband,White,Male,15024,0,40,United-States,1
51.59114134,Private,221889.6479,HS-grad,9,Married-civ-spouse,Craft-repair,Husband,White,Male,-1.958175429,-0.628485706,37.36632442,United-States,0
47,Private,343579,1st-4th,2,Married-spouse-absent,Farming-fishing,Not-in-family,White,Male,0,0,12,Mexico,0
54,Private,52724,HS-grad,9,Divorced,Adm-clerical,Unmarried,White,Female,0,0,40,United-States,0
36,Private,188563,Some-college,10,Married-civ-spouse,Sales,Husband,White,Male,5178,0,50,United-States,0
,Private,192793,Doctorate,16,Married-civ-spouse,Prof-specialty,?,White,Male,0,0,40,Iran,1
50,Private,150941,HS-grad,9,Divorced,Machine-op-inspct,Unmarried,Black,Female,0,0,44,United-States,0
61,Private,120933,Some-college,10,Never-married,Priv-house-serv,Not-in-family,White,Female,0,0,40,United-States,0
47,Private,138999,9th,5,Married-civ-spouse,Craft-repair,Husband,White,Male,4386,0,48,United-States,1
43,Private,111949,HS-grad,9,Married-civ-spouse,Other-service,Wife,White,Female,0,0,35,United-States,0
45,Private,121676,Some-college,10,Married-civ-spouse,Prof-specialty,Wife,White,Female,0,0,36,United-States,1
36.09087718,Local-gov,42554.2503,Bachelors,13,Married-civ-spouse,Protective-serv,Husband,White,Male,1.599156685,1.201014761,42.54651566,United-States,1
44,Private,195881,Some-college,10,Divorced,Exec-managerial,Other-relative,White,Female,0,0,45,United-States,0
69,Self-emp-not-inc,89477,Some-college,10,Widowed,Farming-fishing,Not-in-family,White,Female,0,0,14,United-States,1
38,Self-emp-inc,308686,Bachelors,13,Married-civ-spouse,Prof-specialty,Husband,White,Male,0,0,70,United-States,0
37,Self-emp-inc,183800,Assoc-acdm,12,Married-civ-spouse,Sales,Husband,White,Male,0,1887,40,United-States,1
47,Federal-gov,168109,HS-grad,9,Married-civ-spouse,Adm-clerical,Husband,White,Male,0,0,70,United-States,0
37,State-gov,482927,Some-college,10,Divorced,Other-service,Not-in-family,White,Male,0,0,65,United-States,1
37,Private,127048,Some-college,10,Married-civ-spouse,Adm-clerical,Wife,?,Female,,0,40,United-States,0
47,Private,183186,Bachelors,13,Married-civ-spouse,Exec-managerial,Husband,White,Male,0,0,60,United-States,1
41,Private,,Bachelors,13,Married-civ-spouse,Sales,?,White,Male,0,0,48,United-States,1
28,Private,154236,HS-grad,9,Never-married,Transport-moving,Own-child,White,Male,2597,0,40,United-States,0
33,Private,,Bachelors,13,?,Exec-managerial,Unmarried,White,Female,0,0,40,United-States,0
21,State-gov,51979,Some-college,10,Never-married,Other-service,Own-child,White,Female,0,0,11,United-States,0
54,Self-emp-not-inc,123011,HS-grad,9,Married-civ-spouse,Craft-repair,Husband,White,Male,15024,0,52,United-States,0
22,Private,138994,HS-grad,9,Never-married,Sales,Own-child,Asian-Pac-Islander,Female,0,0,40,Vietnam,0
39,Private,230329,Bachelors,13,Married-civ-spouse,Sales,Husband,White,Male,0,0,40,Canada,0
64,Self-emp-inc,487751,Bachelors,13,Married-civ-spouse,Exec-managerial,Husband,White,Male,0,0,50,United-States,1
20,?,369678,HS-grad,9,Never-married,?,Not-in-family,Other,Male,0,0,43,United-States,0
,Private,165215,Masters,14,Married-civ-spouse,Prof-specialty,Wife,White,Female,0,1902,18,?,1
42,Private,145711,Masters,14,Married-civ-spouse,Prof-specialty,Husband,White,Male,0,1902,50,United-States,1
42,Private,303725,HS-grad,9,Never-married,Machine-op-inspct,Unmarried,Black,Female,0,0,40,United-States,0
34,Private,94413,HS-grad,9,Married-civ-spouse,Transport-moving,Husband,White,Male,0,0,40,United-States,1
64,Private,148606,10th,6,Separated,Other-service,Not-in-family,White,Female,0,0,35,United-States,0
43,Private,350661,Prof-school,15,Separated,Tech-support,Not-in-family,White,Male,0,0,50,Columbia,1
18,Private,150817,HS-grad,9,Never-married,Sales,Own-child,White,Female,0,0,20,United-States,1
58,Private,123886,HS-grad,9,Never-married,Sales,Other-relative,Black,Female,0,0,40,United-States,0
30.20816616,Private,101818.7506,7th-8th,4,Married-civ-spouse,Transport-moving,Husband,White,Male,0.228817911,1641.38464,46.69922009,United-States,0
53,Local-gov,124094,HS-grad,9,Married-civ-spouse,Craft-repair,Husband,White,Male,5013,0,35,United-States,0
48,Private,47343,Prof-school,15,Married-civ-spouse,Prof-specialty,Husband,White,Male,0,1977,70,United-States,0
30,Self-emp-not-inc,166961,Some-college,10,Married-civ-spouse,Adm-clerical,Wife,White,Female,0,0,20,United-States,1
38,Private,102945,Bachelors,,Married-civ-spouse,Sales,Husband,White,?,0,0,52,United-States,1
21,Private,57711,HS-grad,9,Never-married,Other-service,Not-in-family,White,Female,0,0,30,United-States,0
50,Private,237868,HS-grad,9,Married-civ-spouse,Sales,Husband,White,Male,0,1887,55,United-States,1
25,Private,359985,5th-6th,3,Never-married,Adm-clerical,Not-in-family,White,Female,0,0,33,Mexico,1
,Private,269722,Masters,14,Married-civ-spouse,Other-service,Husband,White,?,0,0,40,United-States,0
30,Private,149568,9th,5,Never-married,Farming-fishing,Other-relative,Black,Male,0,0,40,United-States,0
19,Private,83930,HS-grad,9,Never-married,Other-service,Own-child,White,Female,0,0,20,United-States,0
42.25766964,Self-emp-inc,501959.5275,Bachelors,13,Married-civ-spouse,Sales,Husband,White,Male,94418.67119,0.101912086,76.78926901,United-States,1
61.2916465,Private,193444.4572,Some-college,10,Married-civ-spouse,Exec-managerial,Husband,White,Male,-0.67938457,-0.377044169,32.20308008,United-States,1
31,State-gov,174957,Some-college,10,Married-civ-spouse,Protective-serv,Husband,White,Male,0,0,50,United-States,0
17,Private,317702,10th,6,Never-married,Sales,Own-child,Black,Female,0,0,15,United-States,0
34.61974629,Private,199072.7286,Bachelors,13,Married-civ-spouse,Sales,Husband,White,Male,1.393454528,0.710549102,48.20754006,United-States,0
54,Self-emp-not-inc,83984,Masters,14,Divorced,Tech-support,Not-in-family,White,Female,0,0,20,United-States,0
43,Private,,Some-college,10,Married-civ-spouse,?,Husband,White,Male,0,0,40,United-States,1
59,Private,139344,Some-college,10,Married-civ-spouse,Adm-clerical,Wife,White,Female,0,0,40,United-States,1
36,?,168223,Bachelors,13,Never-married,?,Own-child,White,Female,0,0,40,United-States,1
26,Private,212304,7th-8th,4,Never-married,Machine-op-inspct,Own-child,White,Male,0,0,48,United-States,1
39,Private,198654,HS-grad,9,Divorced,Exec-managerial,Unmarried,Black,Female,99999,0,40,United-States,0
28,Private,233796,Some-college,10,Married-civ-spouse,Adm-clerical,Wife,White,Female,7298,0,32,United-States,1
24,Local-gov,134181,Masters,14,Never-married,Prof-specialty,Own-child,White,Female,0,0,40,United-States,0
26,Private,135845,Some-college,10,Never-married,Sales,Not-in-family,White,Female,0,0,37,United-States,0
29,Private,137476,Bachelors,13,Married-civ-spouse,Prof-specialty,Wife,White,Female,0,0,35,United-States,1
46,Private,151107,Some-college,10,Married-civ-spouse,Sales,Husband,Black,Male,0,1977,60,United-States,1
48,Private,187715,Assoc-acdm,12,Married-civ-spouse,Craft-repair,Husband,White,Male,0,1848,46,United-States,1
31,Private,379798,Some-college,10,Married-civ-spouse,Sales,Husband,White,Male,0,0,40,United-States,1
32,?,318647,Bachelors,13,Married-civ-spouse,Exec-managerial,Husband,White,Male,,0,48,United-States,1
20,Private,199011,Some-college,10,Never-married,Handlers-cleaners,Own-child,White,Male,0,0,12,United-States,0
24,State-gov,249385,Bachelors,13,Never-married,Adm-clerical,Other-relative,White,Female,0,0,10,United-States,0
35,Private,275364,Bachelors,13,Divorced,Tech-support,Unmarried,White,Male,7430,0,40,Germany,0
30,Private,169002,Bachelors,13,Married-civ-spouse,Tech-support,Husband,White,Male,0,0,40,United-States,1
55,Private,172666,Some-college,10,Married-civ-spouse,Craft-repair,Husband,White,Male,0,0,40,United-States,1
25,Private,180778,HS-grad,9,Never-married,Craft-repair,Not-in-family,White,Male,0,0,75,United-States,0
40,Private,244172,HS-grad,9,Married-civ-spouse,Handlers-cleaners,Husband,White,Male,0,0,40,United-States,0
45,Federal-gov,102569,?,9,Married-civ-spouse,Craft-repair,Husband,White,Male,0,,40,United-States,1
19,Private,39026,HS-grad,9,Never-married,Other-service,Not-in-family,White,Male,0,0,30,United-States,0
22.96121865,Local-gov,216716.2091,Bachelors,13,Never-married,Prof-specialty,Not-in-family,White,Female,0.592555308,-0.035143579,17.44587591,United-States,0
37,Private,290609,HS-grad,9,Divorced,Adm-clerical,Unmarried,Black,Female,0,0,40,United-States,0
28,?,214385,Assoc-voc,11,Never-married,Exec-managerial,Own-child,Black,Female,,0,40,United-States,0
21,Private,60668,HS-grad,9,Never-married,Machine-op-inspct,Own-child,White,Male,0,0,50,United-States,0
47,Private,274200,11th,7,Married-civ-spouse,Craft-repair,Husband,White,Male,7298,0,40,United-States,0
22,Private,291386,Some-college,10,Never-married,Adm-clerical,Not-in-family,White,Female,0,0,40,United-States,0
26.08501138,Private,240830.5035,Assoc-acdm,12,Never-married,Prof-specialty,Not-in-family,White,Female,6515.307653,-0.008585202,35.69932844,United-States,1
43.13769658,Private,113928.9248,HS-grad,9,Married-civ-spouse,Sales,Husband,White,Male,2791.827543,0.661369463,12.31645306,United-States,0
38,Private,33975,HS-grad,9,Married-civ-spouse,Exec-managerial,Other-relative,White,Male,0,0,40,United-States,1
40,Private,118853,Bachelors,13,Married-civ-spouse,Exec-managerial,Husband,White,Male,0,0,60,United-States,0
32,Private,386806,5th-6th,3,Married-civ-spouse,Craft-repair,Husband,Other,Male,0,0,45,Mexico,1
47,Local-gov,134671,Some-college,10,Married-civ-spouse,Exec-managerial,Husband,White,Male,0,0,40,United-States,1
39,Self-emp-not-inc,34066,Some-college,10,Married-civ-spouse,Craft-repair,Husband,Amer-Indian-Eskimo,Male,0,0,50,United-States,1
,?,23157,Masters,14,Married-civ-spouse,Exec-managerial,Husband,White,Male,0,1902,50,United-States,1
23,Private,96748,Bachelors,13,Never-married,Transport-moving,Own-child,White,Male,0,0,40,United-States,0
23.30827765,Local-gov,187648.4529,HS-grad,9,Never-married,Adm-clerical,Not-in-family,White,Male,-0.904891926,-0.968108288,38.57562507,United-States,0
54,Private,144586,Some-college,10,Married-civ-spouse,Sales,Wife,White,Female,0,0,40,United-States,1
30.44339847,Private,221427.5759,Assoc-voc,11,Married-civ-spouse,Sales,Husband,White,Male,-0.100475721,-0.057390703,43.69495077,United-States,0
,Private,197613,HS-grad,9,?,Adm-clerical,Not-in-family,White,Female,0,0,40,United-States,1
43.1520154,Private,309185.221,Bachelors,13,Never-married,Exec-managerial,Not-in-family,White,Male,87624.68567,0.33260751,48.39815265,United-States,1
44,Private,211351,Some-college,10,Married-civ-spouse,Sales,Wife,White,Female,4386,0,40,United-States,0
57,Self-emp-inc,37394,Bachelors,13,Married-civ-spouse,Prof-specialty,Husband,White,Male,0,0,50,United-States,1
34,Private,106014,Some-college,10,Never-married,Other-service,Not-in-family,White,Male,0,0,40,United-States,1
24,Private,161638,HS-grad,9,Married-civ-spouse,Machine-op-inspct,Not-in-family,White,Female,0,0,40,Ecuador,0
24,Private,196816,Bachelors,13,Married-civ-spouse,Prof-specialty,Husband,White,Male,3908,0,40,United-States,1
40,Private,202872,HS-grad,9,Married-civ-spouse,Sales,Wife,White,Female,0,0,40,United-States,1
22.54727669,Private,361397.9324,11th,7,Never-married,Sales,Own-child,White,Male,1.602211389,-0.69728368,21.21478176,United-States,0
35,Private,154410,Bachelors,13,Married-civ-spouse,Exec-managerial,Husband,White,Male,0,1977,50,United-States,0
39,Private,177277,HS-grad,9,Married-civ-spouse,Machine-op-inspct,Husband,White,Male,0,0,45,United-States,0
53,Private,289620,Prof-school,15,Married-civ-spouse,Exec-managerial,Husband,White,Male,0,0,45,?,0
52,Private,279543,Some-college,10,Married-civ-spouse,Sales,Husband,White,Male,0,0,60,Cuba,1
53,Private,126977,HS-grad,9,Separated,Craft-repair,Not-in-family,White,Male,0,0,35,United-States,0
45,Federal-gov,380127,Bachelors,13,Never-married,Exec-managerial,Not-in-family,White,Female,0,0,40,United-States,0
,Private,607848,Some-college,10,Married-civ-spouse,Sales,Husband,White,Male,7688,0,45,?,1
,Private,279340,11th,7,Separated,?,Not-in-family,Black,Female,0,0,40,United-States,0
43,Self-emp-inc,,Bachelors,13,Divorced,Farming-fishing,Not-in-family,?,Male,0,0,35,United-States,0
34,Private,160261,HS-grad,9,Never-married,Tech-support,Own-child,Asian-Pac-Islander,Male,14084,0,35,China,1
78,Self-emp-inc,385242,Bachelors,13,Married-civ-spouse,Exec-managerial,Husband,White,Male,9386,0,,?,1
28,Private,403671,HS-grad,9,Never-married,Other-service,Other-relative,White,Male,0,0,40,Mexico,0
28,Private,194472,Some-college,10,Married-civ-spouse,Adm-clerical,Own-child,White,Female,0,0,40,United-States,0
26,Private,168236,HS-grad,9,Married-civ-spouse,Adm-clerical,Husband,White,Male,0,0,40,United-States,0
28,Private,67218,7th-8th,4,Married-civ-spouse,Sales,Other-relative,White,Male,0,0,40,United-States,0
42,Private,240628,Bachelors,13,Married-civ-spouse,Exec-managerial,Wife,White,Female,0,0,40,United-States,1
45,Private,310260,Some-college,10,Married-civ-spouse,Transport-moving,Husband,White,Male,0,0,60,United-States,1
31,Private,113364,HS-grad,9,Married-civ-spouse,Transport-moving,Husband,White,Male,0,0,40,United-States,1
26,Private,66692,Some-college,10,Divorced,Adm-clerical,Not-in-family,White,Female,0,0,40,United-States,1
20,Private,187592,Some-college,10,Never-married,Sales,Own-child,White,Male,0,0,40,United-States,1
37,Local-gov,247750,Assoc-voc,11,Married-civ-spouse,Protective-serv,Husband,Black,Male,0,0,40,United-States,0
62.3918587,Self-emp-inc,204085.0256,HS-grad,9,Married-civ-spouse,Craft-repair,Husband,White,Male,0.674728546,-0.159565282,45.75783498,United-States,1
52,Private,235307,Bachelors,13,Married-civ-spouse,Prof-specialty,Husband,White,Male,0,0,40,United-States,1
-37.53843273,Private,309096.1253,Bachelors,13,Married-civ-spouse,Farming-fishing,Husband,White,Male,1.466540859,-1.11158025,39.67756979,United-States,0
49,Private,116927,Bachelors,13,Married-civ-spouse,Sales,Husband,White,Male,0,0,60,United-States,0
21,Private,296158,?,,Married-civ-spouse,Other-service,Husband,White,Male,0,0,25,United-States,0
60,?,174073,HS-grad,9,Married-civ-spouse,?,Husband,White,Male,0,0,40,United-States,0
44,Private,429832,Some-college,10,Married-civ-spouse,Exec-managerial,Husband,White,Male,0,0,40,United-States,1
22,?,157332,Some-college,10,Never-married,?,Own-child,White,Female,0,0,40,United-States,1
60,Local-gov,202473,Assoc-voc,11,Married-civ-spouse,Other-service,Husband,White,Male,0,0,,?,0
21,Private,321666,HS-grad,9,Never-married,Craft-repair,Own-child,White,Male,594,0,40,United-States,0
34,Federal-gov,96483,Assoc-acdm,12,Never-married,Tech-support,Not-in-family,Asian-Pac-Islander,Female,0,0,60,United-States,0
56.89356222,Local-gov,55538.89904,Doctorate,16,Married-civ-spouse,Protective-serv,Husband,White,Male,0.096058642,0.349797727,47.03149202,United-States,1
31622.05166,Self-emp-not-inc,37847.27492,HS-grad,9,Married-civ-spouse,Farming-fishing,Husband,White,Male,-0.067866231,-0.236487649,66.83296711,United-States,1
45,Private,160440,HS-grad,9,Married-civ-spouse,Sales,Husband,White,Male,0,0,55,United-States,1
22,Private,211013,HS-grad,9,Separated,Adm-clerical,Other-relative,White,Female,0,0,40,United-States,0
51,Federal-gov,282680,Doctorate,16,Never-married,Prof-specialty,Not-in-family,White,Female,0,1564,70,United-States,1
,Private,93034,HS-grad,9,Never-married,Machine-op-inspct,?,Asian-Pac-Islander,Male,0,0,40,Cambodia,0
52,Local-gov,512103,Some-college,10,Divorced,Transport-moving,Not-in-family,White,Female,0,0,40,United-States,0
31,Private,374833,1st-4th,2,Married-civ-spouse,Handlers-cleaners,Husband,White,Male,0,0,40,Mexico,0
30,Private,182771,Masters,14,Married-civ-spouse,Prof-specialty,Husband,Asian-Pac-Islander,Male,0,0,40,United-States,1
26,Private,164488,Masters,14,Married-civ-spouse,Prof-specialty,Husband,White,Male,0,1887,40,United-States,1
50,Private,306790,Some-college,10,Married-civ-spouse,Craft-repair,Husband,White,Male,0,0,40,United-States,1
26,Private,157708,Some-college,10,Never-married,Adm-clerical,Not-in-family,White,Female,0,0,40,United-States,0
26,Private,71009,Bachelors,13,Never-married,Prof-specialty,Not-in-family,Asian-Pac-Islander,Female,0,0,40,Philippines,0
48,Private,207277,Masters,14,Married-civ-spouse,Exec-managerial,Husband,White,Male,15024,0,40,United-States,1
39,Local-gov,236391,HS-grad,9,Married-civ-spouse,Machine-op-inspct,Husband,White,Male,0,0,38,United-States,0
73.73810219,Private,124386.9441,Assoc-voc,11,Divorced,Exec-managerial,Not-in-family,White,Male,-0.960298277,-1.244889719,45.00849052,United-States,1
23,Private,183358,HS-grad,9,Never-married,Craft-repair,Not-in-family,White,Male,0,0,40,Puerto-Rico,0
27,Private,181291,HS-grad,9,Never-married,Adm-clerical,Own-child,White,Female,0,0,35,Italy,1
22,Private,201799,HS-grad,9,Never-married,Sales,Own-child,White,Female,0,0,40,United-States,0
41,Private,117747,Bachelors,13,Divorced,Other-service,Unmarried,Asian-Pac-Islander,Female,0,0,40,Vietnam,0
22.53308272,State-gov,378353.382,Some-college,10,Never-married,Machine-op-inspct,Own-child,White,Female,0.03480754,-0.802199408,29.6755644,United-States,0
68,Private,236943,9th,5,Divorced,Farming-fishing,Not-in-family,Black,Male,0,0,20,United-States,0
20,Private,,HS-grad,9,Never-married,Handlers-cleaners,?,White,Male,0,0,40,United-States,0
23,Private,40060,Some-college,10,Married-civ-spouse,Handlers-cleaners,Husband,White,?,0,,40,United-States,0
39,Private,322143,12th,,Married-civ-spouse,Transport-moving,?,White,Male,15024,0,70,United-States,1
25,Local-gov,44216,HS-grad,9,Divorced,Adm-clerical,Not-in-family,Amer-Indian-Eskimo,Female,0,0,35,United-States,0
32,Private,270335,Bachelors,13,Married-civ-spouse,Adm-clerical,Other-relative,White,Male,0,0,40,Philippines,1
72.73544327,?,72126.67662,HS-grad,9,Divorced,?,Unmarried,White,Female,1.191737836,-0.124522424,17.8917169,United-States,0
30,Private,95299,HS-grad,9,Married-civ-spouse,Machine-op-inspct,Husband,Asian-Pac-Islander,Male,0,0,40,Vietnam,1
35.36239315,Private,216186.62,Bachelors,13,Never-married,Prof-specialty,Not-in-family,White,Male,118217.005,-0.484272962,32.15306299,United-States,1
49,Self-emp-not-inc,43479,Doctorate,16,Divorced,Prof-specialty,Unmarried,White,Male,0,0,63,Canada,1
46,Private,93557,Some-college,10,Married-civ-spouse,Adm-clerical,Husband,White,Male,0,0,40,United-States,0
34,State-gov,103371,Assoc-voc,11,Never-married,Adm-clerical,Unmarried,White,Female,0,0,40,United-States,0
61,Private,175999,HS-grad,9,Married-civ-spouse,Machine-op-inspct,Husband,White,Male,0,0,40,United-States,0
47,Self-emp-not-inc,315110,Some-college,10,Married-civ-spouse,Prof-specialty,Husband,White,Male,0,0,20,United-States,0
74,State-gov,88638,Doctorate,16,Never-married,Prof-specialty,Other-relative,White,Female,0,3683,20,United-States,0
34,Private,126853,Masters,14,Married-civ-spouse,Exec-managerial,Husband,Asian-Pac-Islander,Male,0,0,40,Taiwan,1
41.71421399,State-gov,225739.0401,Some-college,10,Married-civ-spouse,Exec-managerial,Wife,White,Female,0.299647688,0.932434871,36.2640974,United-States,1
36,?,531055,HS-grad,9,Married-civ-spouse,Craft-repair,Husband,White,Male,0,,48,United-States,1
27,Private,169117,HS-grad,9,Married-civ-spouse,Adm-clerical,Wife,Black,Female,0,1887,40,United-States,0
29,Federal-gov,244473,Bachelors,13,Married-civ-spouse,Exec-managerial,Husband,White,Male,7688,0,40,United-States,1
52,Private,146015,HS-grad,9,Married-civ-spouse,?,Husband,White,Male,0,,40,United-States,0
62,Federal-gov,223163,Some-college,10,Never-married,Prof-specialty,Not-in-family,White,Male,0,0,40,United-States,1
34,Private,88215,Masters,14,Married-civ-spouse,Prof-specialty,Wife,Asian-Pac-Islander,Female,0,0,40,China,1
72,?,402306,Some-college,10,Married-civ-spouse,?,Husband,White,Male,0,0,32,Canada,0
29.31293671,Private,257461.4415,HS-grad,9,Divorced,Craft-repair,Other-relative,Black,Female,-0.388346938,-0.305619111,56.97027127,United-States,0
66,Private,,?,10,Married-civ-spouse,Exec-managerial,Husband,White,Male,0,0,40,United-States,1
45,?,187439,HS-grad,9,Never-married,?,Not-in-family,White,Male,0,0,2,United-States,1
68,Private,168794,Preschool,1,Never-married,Machine-op-inspct,Not-in-family,White,Male,0,0,10,United-States,0
36,Private,48520,Some-college,10,Divorced,Other-service,Unmarried,White,Female,0,0,40,United-States,0
51,Private,29036,HS-grad,9,Divorced,Adm-clerical,Unmarried,White,Female,0,0,40,United-States,0
56,Self-emp-not-inc,52822,Some-college,10,Married-civ-spouse,Craft-repair,Husband,White,Male,0,0,70,United-States,1
37,Private,95654,10th,6,Divorced,Exec-managerial,Unmarried,White,Female,0,0,35,United-States,0
26,Private,164938,HS-grad,9,Married-civ-spouse,Sales,Husband,White,Male,0,0,40,United-States,0
20.49062792,Private,439634.301,Assoc-voc,11,Married-civ-spouse,Craft-repair,Husband,White,Male,92190.94124,0.324057028,29.67077749,United-States,1
17.01115235,Private,145932.274,HS-grad,9,Never-married,Other-service,Own-child,White,Female,0.924196774,-0.753516842,25.48489249,United-States,0
31,Private,215297,HS-grad,9,Married-civ-spouse,Craft-repair,Husband,?,Male,0,,45,United-States,0
32,State-gov,181119,Bachelors,13,Separated,Prof-specialty,Not-in-family,White,Female,0,0,40,United-States,0
26,Private,141876,Assoc-voc,11,Married-civ-spouse,Sales,Husband,White,Male,3103,0,45,United-States,1
22,Private,140001,Some-college,10,Never-married,Other-service,Own-child,White,Male,0,0,40,United-States,0
35,Private,342768,HS-grad,9,Married-civ-spouse,Craft-repair,Husband,White,Male,0,0,40,United-States,0
21,Private,165107,Some-college,10,Never-married,Other-service,Own-child,White,Female,0,0,,?,0
39,Private,187921,HS-grad,9,Married-civ-spouse,Transport-moving,Husband,White,Male,0,0,99,United-States,0
51,Self-emp-not-inc,176240,Assoc-acdm,12,Married-civ-spouse,Sales,Husband,White,Male,0,0,40,United-States,1
27,Self-emp-not-inc,66473,Bachelors,13,Married-civ-spouse,Exec-managerial,Husband,White,Male,0,0,50,United-States,0
44.89779343,Self-emp-inc,255396.4446,Prof-school,15,Married-civ-spouse,Prof-specialty,Husband,White,Male,0.462483624,1844.185345,62.23930702,United-States,1
,Private,140764,Bachelors,13,Never-married,Sales,Own-child,?,Female,0,1590,40,United-States,0
63,Private,50349,HS-grad,9,Widowed,Other-service,Not-in-family,White,Female,0,0,34,United-States,0
60,Private,121832,11th,7,Married-civ-spouse,Sales,Husband,White,Male,0,,40,?,1
47,Private,114459,HS-grad,9,Married-civ-spouse,Sales,Husband,White,Male,0,0,40,United-States,0
31,Private,179673,HS-grad,,Married-civ-spouse,Machine-op-inspct,Husband,?,Male,0,0,40,United-States,1
46,Private,185385,HS-grad,9,Married-civ-spouse,Sales,Husband,White,Male,0,0,65,United-States,1
45,Private,99971,HS-grad,9,Married-civ-spouse,Transport-moving,Husband,White,Male,0,0,50,United-States,0
42,Private,102606,Bachelors,13,Married-civ-spouse,Tech-support,Husband,White,Male,0,0,40,United-States,0
40,Private,173321,HS-grad,9,Married-civ-spouse,Other-service,Wife,Black,Female,0,0,32,United-States,0
32,Private,210541,Bachelors,13,Divorced,Sales,Unmarried,White,Female,0,0,30,United-States,0
36,Self-emp-not-inc,127740,HS-grad,9,Married-civ-spouse,Exec-managerial,Husband,White,Male,0,0,99,United-States,0
41,State-gov,116520,Doctorate,16,Married-civ-spouse,Prof-specialty,Husband,White,Male,0,0,40,United-States,1
43,Private,191982,Assoc-voc,11,Never-married,Adm-clerical,Own-child,White,Female,0,0,55,United-States,0
44,Federal-gov,201435,Assoc-voc,11,Married-civ-spouse,Craft-repair,Husband,Black,Male,0,0,40,United-States,1
45,Self-emp-inc,145290,HS-grad,9,Married-civ-spouse,Other-service,Husband,White,Male,0,0,40,United-States,1
33,Private,473133,Doctorate,16,?,Prof-specialty,Husband,White,Male,15024,0,,United-States,1
47,Self-emp-not-inc,126500,7th-8th,4,Married-civ-spouse,Sales,Husband,White,Male,0,0,40,Puerto-Rico,0
59,?,115389,Some-college,10,Married-civ-spouse,Craft-repair,Husband,White,Male,0,,36,United-States,0
53,Private,117058,HS-grad,9,Divorced,Other-service,Unmarried,White,Female,0,0,40,United-States,1
35.94670016,Private,418181.8031,10th,6,Married-civ-spouse,Machine-op-inspct,Husband,Black,Male,1.102927733,1.935320337,52.60359815,United-States,0
30,Private,340917,Masters,14,Married-civ-spouse,Exec-managerial,Husband,White,Male,15024,0,60,United-States,1
30,Private,190385,Bachelors,13,Married-civ-spouse,Other-service,Wife,?,Female,0,,40,United-States,1
42,Private,385591,HS-grad,9,Married-civ-spouse,Exec-managerial,Husband,White,?,0,,50,United-States,1
35,Private,147548,HS-grad,9,Married-civ-spouse,Transport-moving,Husband,White,Male,0,0,60,United-States,1
,Private,186172,Bachelors,13,Married-civ-spouse,Prof-specialty,Husband,White,?,3103,0,40,United-States,1
37,Local-gov,130805,Assoc-acdm,12,Married-civ-spouse,Protective-serv,Husband,White,Male,0,0,99,United-States,1
36,Federal-gov,153066,Masters,14,Married-civ-spouse,Prof-specialty,Husband,White,Male,0,0,40,United-States,1
53,Private,55861,HS-grad,9,Married-civ-spouse,Craft-repair,Husband,White,Male,0,0,40,United-States,1
43,Private,175133,Some-college,10,Divorced,Tech-support,Unmarried,Black,Female,0,0,35,United-States,0
35.33572625,Private,425954.2726,Assoc-voc,11,Separated,Craft-repair,Not-in-family,White,Female,0.827115429,0.157974312,43.46505299,United-States,0
42,Self-emp-inc,240628,Prof-school,15,Married-civ-spouse,Prof-specialty,Wife,White,Female,0,0,50,United-States,1
27,Private,135308,Bachelors,13,Never-married,Sales,Not-in-family,Black,Female,0,0,40,United-States,0
28,Private,354095,Some-college,10,Never-married,Sales,Not-in-family,White,Female,0,0,40,United-States,0
66,Private,126511,Some-college,10,Married-civ-spouse,?,Husband,White,Male,0,,45,United-States,0
20,Private,,Some-college,10,Never-married,Other-service,Not-in-family,White,Male,0,0,40,?,0
33,Private,202046,Bachelors,13,Married-civ-spouse,Exec-managerial,Husband,White,Male,0,0,45,United-States,1
65.63250816,Private,20385.32742,HS-grad,9,Married-civ-spouse,Craft-repair,Husband,White,Male,0.20686178,-0.553574507,51.84376854,United-States,1
33.08196855,Private,338237.7347,Some-college,10,Married-civ-spouse,Transport-moving,Husband,White,Male,1.980103054,-0.175948624,49.78300911,United-States,1
52,State-gov,334273,Assoc-acdm,12,Married-civ-spouse,Sales,Husband,White,Male,0,0,40,United-States,1
56,Private,208451,Bachelors,13,Married-civ-spouse,Prof-specialty,Husband,White,Male,0,0,40,United-States,1
38,Self-emp-not-inc,122493,?,6,Married-civ-spouse,Sales,Husband,White,Male,,1887,40,United-States,1
45,Self-emp-not-inc,355978,Some-college,10,Married-civ-spouse,Sales,Husband,White,Male,0,0,60,United-States,0
34,Private,33945,HS-grad,9,Divorced,Craft-repair,Not-in-family,White,Male,6849,0,55,United-States,0
64,Private,159715,Some-college,10,Married-civ-spouse,Craft-repair,Husband,White,Male,0,0,20,United-States,0
18.81315481,Private,113853.4305,Assoc-acdm,12,Married-civ-spouse,Sales,Husband,White,Male,0.595787802,-1.017405021,28.74177407,United-States,1
25,Private,335376,Assoc-acdm,12,Never-married,Adm-clerical,Own-child,White,Female,0,0,38,United-States,0
48,State-gov,224752,HS-grad,9,Married-civ-spouse,Adm-clerical,Wife,White,Female,0,0,40,United-States,1
29,Private,350162,Bachelors,13,Married-civ-spouse,Exec-managerial,Wife,White,Male,0,0,40,United-States,1
34,Private,245211,Masters,14,Married-civ-spouse,Machine-op-inspct,Husband,White,Male,0,0,40,Poland,1
32,Private,317378,Bachelors,13,Never-married,Exec-managerial,Own-child,White,Female,10520,0,40,United-States,1
37,Private,180342,Bachelors,,Never-married,Sales,Not-in-family,White,Male,0,0,45,?,0
40,Self-emp-inc,142444,Bachelors,13,Never-married,Prof-specialty,Not-in-family,White,Female,0,0,45,United-States,0
67.59941936,Self-emp-not-inc,83905.93372,HS-grad,9,Married-civ-spouse,Farming-fishing,Husband,White,Male,0.091093606,-0.85153998,65.08782419,United-States,1
59,Private,170104,Bachelors,13,Married-civ-spouse,Exec-managerial,Husband,White,Male,0,1977,50,United-States,1
26,Private,208326,HS-grad,9,Married-civ-spouse,Exec-managerial,Husband,White,Male,3942,0,45,United-States,0
53,State-gov,246820,Doctorate,16,Married-civ-spouse,Prof-specialty,Husband,White,Male,0,0,50,United-States,1
27,Private,57092,HS-grad,9,Divorced,Craft-repair,Not-in-family,White,Male,0,0,45,United-States,1
,?,80564,HS-grad,9,Never-married,?,Own-child,White,Male,0,0,60,United-States,0
37,Private,234901,Some-college,10,Married-civ-spouse,Sales,Husband,White,Male,0,0,50,Germany,1
47,Private,257824,Some-college,10,Married-civ-spouse,Exec-managerial,Husband,White,Male,0,,45,?,1
38,Private,374524,Bachelors,13,Married-civ-spouse,Prof-specialty,Husband,White,Male,0,0,40,United-States,1
41,Private,70447,Some-college,10,Married-civ-spouse,Sales,Husband,Asian-Pac-Islander,Male,0,0,60,United-States,1
32,Federal-gov,113838,Bachelors,13,Married-civ-spouse,Prof-specialty,Husband,White,Male,0,0,40,United-States,1
38,Private,607848,Bachelors,13,Married-civ-spouse,Sales,Husband,White,Male,0,0,40,United-States,1
44,Private,151089,Masters,14,Married-civ-spouse,Prof-specialty,Husband,White,Male,0,1887,60,United-States,1
20,Private,325033,12th,8,Never-married,Other-service,Own-child,Black,Male,0,0,35,United-States,1
36,Private,185394,HS-grad,9,Never-married,Adm-clerical,Unmarried,White,Female,0,0,40,United-States,0
44,Private,32000,Bachelors,13,Married-civ-spouse,Sales,Husband,White,Male,0,0,45,United-States,0
24,Private,197666,?,,Never-married,Exec-managerial,Not-in-family,White,Female,0,0,40,United-States,0
53,Private,151411,Bachelors,13,Married-civ-spouse,Prof-specialty,Husband,White,Male,0,0,45,United-States,0
43.61271361,Private,121686.5727,Assoc-voc,11,Married-civ-spouse,Craft-repair,Husband,White,Male,0.556309012,-1.90905635,46.92608629,United-States,0
48,Private,,HS-grad,9,?,Machine-op-inspct,Husband,White,Male,0,0,48,United-States,0
45,Self-emp-inc,34091,Bachelors,13,Married-civ-spouse,Exec-managerial,Husband,White,Male,0,0,38,United-States,1
35,Private,241998,HS-grad,,Never-married,?,Not-in-family,White,Male,4787,0,40,United-States,1
23,Private,33884,Some-college,10,Separated,Sales,Unmarried,White,Female,0,0,40,United-States,0
45,Self-emp-inc,160440,HS-grad,9,Divorced,Exec-managerial,Not-in-family,White,Male,0,0,42,United-States,0
68,?,191288,7th-8th,4,Widowed,?,Not-in-family,White,Female,0,0,15,United-States,0
41,Self-emp-not-inc,169023,?,,Married-civ-spouse,Adm-clerical,Wife,White,Female,7688,0,40,United-States,1
58,Private,356067,Bachelors,13,Married-civ-spouse,Adm-clerical,Husband,White,Male,0,0,40,United-States,0
25,Private,99126,Assoc-voc,11,Married-civ-spouse,Prof-specialty,Wife,White,Female,7688,0,40,United-States,1
23,Private,433669,Assoc-acdm,12,Never-married,Adm-clerical,Not-in-family,White,Male,0,0,40,United-States,0
37,Private,126569,HS-grad,9,Never-married,Craft-repair,Own-child,White,Male,0,0,40,United-States,0
44,Private,182402,HS-grad,,Married-civ-spouse,Craft-repair,Husband,?,Male,0,0,40,United-States,1
67,Private,105252,Masters,14,Married-civ-spouse,Exec-managerial,Husband,White,Male,0,0,40,United-States,1
44,Private,206686,Some-college,10,Divorced,Adm-clerical,Unmarried,White,Female,0,0,40,United-States,0
54,Self-emp-not-inc,236157,Masters,14,Married-civ-spouse,Sales,Husband,White,Male,0,0,40,United-States,1
21,Private,206861,Some-college,10,Never-married,Sales,Own-child,White,Male,0,0,20,?,1
40,Private,186916,Bachelors,13,Married-civ-spouse,Prof-specialty,Husband,White,Male,0,0,40,United-States,0
38,Private,200445,Some-college,10,Married-civ-spouse,Machine-op-inspct,Husband,White,Male,0,0,48,United-States,0
27,Private,181822,HS-grad,9,Never-married,Craft-repair,Not-in-family,White,Male,0,0,40,United-States,0
60,?,190497,7th-8th,4,Married-civ-spouse,?,Husband,White,Male,0,0,40,United-States,0
62,Private,178745,HS-grad,9,Married-civ-spouse,Craft-repair,Husband,White,Male,0,0,45,United-States,0
41,Private,308550,HS-grad,9,Divorced,Craft-repair,Unmarried,White,Female,0,0,60,United-States,0
34,Private,159187,HS-grad,9,Married-civ-spouse,Machine-op-inspct,Husband,White,Male,0,0,45,United-States,1
43,Private,203233,HS-grad,9,Married-civ-spouse,Transport-moving,Husband,White,Male,0,0,50,United-States,1
,Local-gov,51240,Bachelors,13,Married-civ-spouse,Prof-specialty,?,White,Male,0,0,45,United-States,0
48,Local-gov,85341,Bachelors,13,Married-civ-spouse,Prof-specialty,Husband,White,Male,0,0,45,United-States,0
30,Self-emp-not-inc,123397,Some-college,10,Divorced,Other-service,Unmarried,White,Female,0,0,30,United-States,0
25,Self-emp-not-inc,189027,HS-grad,9,Married-civ-spouse,?,Husband,White,Male,0,,30,United-States,0
41,Private,193626,HS-grad,9,Married-spouse-absent,Craft-repair,Unmarried,White,Female,0,0,40,United-States,0
61,Local-gov,192085,HS-grad,9,Married-civ-spouse,Transport-moving,Husband,White,Male,0,0,15,United-States,0
29,Private,134152,HS-grad,9,Separated,Machine-op-inspct,Not-in-family,White,Male,0,0,40,United-States,0
26.4023241,Private,287424.074,Some-college,10,Married-civ-spouse,Protective-serv,Husband,White,Male,-1.514470309,0.321593211,55.79439764,United-States,0
30,Private,94235,Bachelors,13,Married-civ-spouse,?,Husband,White,Male,0,,50,United-States,1
44,Private,252930,10th,6,Divorced,Adm-clerical,Unmarried,Other,Female,0,0,42,United-States,0
46,Private,188729,Assoc-acdm,12,Never-married,Craft-repair,Not-in-family,Black,Female,0,0,50,United-States,0
41,Self-emp-inc,253060,Bachelors,13,Married-civ-spouse,Sales,Husband,White,Male,7688,0,45,United-States,1
36,Private,41017,Some-college,10,Married-civ-spouse,Exec-managerial,Husband,White,Male,0,0,52,United-States,1
39,Private,286026,Bachelors,13,Married-civ-spouse,Adm-clerical,Husband,White,Male,0,0,40,United-States,1
57,Local-gov,109973,?,,Divorced,Other-service,Not-in-family,White,Female,0,0,40,United-States,0
32.79362085,Private,205615.6623,Some-college,10,Divorced,Prof-specialty,Own-child,White,Female,-0.022278979,0.322082311,39.90017196,United-States,0
26,Private,283715,HS-grad,9,Never-married,Craft-repair,Own-child,White,Male,0,0,40,United-States,0
58,Private,66788,HS-grad,9,Separated,Machine-op-inspct,Unmarried,White,Male,0,0,40,Portugal,1
52,Private,157413,1st-4th,2,Divorced,Farming-fishing,Not-in-family,Black,Male,0,0,40,United-States,0
48,Private,25468,Masters,,Divorced,Exec-managerial,Not-in-family,White,Male,99999,0,50,?,1
20.61316927,Local-gov,124187.493,Bachelors,13,Never-married,Prof-specialty,Not-in-family,White,Female,98242.3718,-1.932497725,24.07216234,United-States,0
45.3573255,Private,245485.4552,Some-college,10,Married-civ-spouse,Exec-managerial,Husband,White,Male,0.254401772,0.634903812,76.30710303,United-States,1
36,Private,186819,Assoc-acdm,12,Married-civ-spouse,Tech-support,Husband,White,Male,0,0,40,United-States,0
49,Private,177543,HS-grad,9,Separated,Adm-clerical,Unmarried,White,Female,0,0,35,United-States,0
76191.71757,Private,161602.4914,HS-grad,9,Married-civ-spouse,Craft-repair,Husband,White,Male,-0.659039275,-0.574100675,44.8277251,United-States,0
21,Private,117606,Some-college,10,Never-married,Prof-specialty,Not-in-family,White,Female,0,0,40,United-States,0
43,Local-gov,233865,HS-grad,9,Married-civ-spouse,Exec-managerial,Husband,White,Male,0,0,40,United-States,0
45,Private,184277,Assoc-voc,11,Divorced,Adm-clerical,Unmarried,White,Female,0,0,55,United-States,1
21,Private,203076,HS-grad,9,Never-married,Handlers-cleaners,Own-child,White,Male,0,0,35,United-States,0
14.72459685,Private,263119.803,10th,6,Never-married,Other-service,Own-child,Black,Male,-0.497570838,15528.26163,11.96118753,United-States,0
25,?,174592,HS-grad,9,Never-married,Other-service,Own-child,White,Female,0,,25,United-States,0
33.80705381,Private,161233.4177,Bachelors,13,Married-civ-spouse,Sales,Husband,White,Male,-1.240354252,0.293648774,49.26047482,Poland,0
47,Private,162302,HS-grad,9,Divorced,Adm-clerical,Unmarried,White,Female,0,0,20,United-States,0
60,Self-emp-not-inc,376973,HS-grad,9,Married-civ-spouse,Craft-repair,Husband,White,Male,0,0,42,United-States,1
33,Self-emp-not-inc,127894,Prof-school,15,Married-civ-spouse,Prof-specialty,Husband,White,Male,0,0,60,United-States,1
35104.42685,Private,142100.2955,Bachelors,13,Married-civ-spouse,Exec-managerial,Husband,White,Male,-0.784490643,1.144606282,62.72627289,United-States,1
37,Self-emp-inc,107164,10th,6,Never-married,Transport-moving,Not-in-family,White,Male,0,2559,50,United-States,1
54,Private,329266,HS-grad,9,Married-civ-spouse,Craft-repair,Husband,White,Male,0,0,44,United-States,1
40,Local-gov,333530,Masters,14,Married-civ-spouse,Prof-specialty,Wife,White,Female,0,0,40,United-States,0
37.06280774,Private,230151.9608,Assoc-acdm,12,Married-civ-spouse,Exec-managerial,Husband,White,Male,-0.842905564,1.834202036,50.98398008,United-States,1
57,Private,135339,Bachelors,13,Married-civ-spouse,Exec-managerial,Husband,Asian-Pac-Islander,Male,0,0,40,Philippines,1
61,Local-gov,224711,Bachelors,13,Never-married,Prof-specialty,Not-in-family,White,Female,0,0,63,United-States,0
65,?,249043,Bachelors,13,Married-civ-spouse,?,Husband,White,Male,10605,0,40,United-States,1
31,Self-emp-not-inc,203181,?,6,Married-civ-spouse,Craft-repair,Husband,White,Male,,0,35,United-States,0
33,Private,177675,Bachelors,13,Married-civ-spouse,Exec-managerial,Husband,White,Male,0,0,50,Germany,0
63,Private,158199,1st-4th,2,Widowed,Machine-op-inspct,Unmarried,White,Female,0,0,44,Portugal,0
56,Private,232139,HS-grad,9,Divorced,Transport-moving,Not-in-family,White,Male,0,0,40,United-States,1
42,Private,280167,Masters,14,Married-civ-spouse,Prof-specialty,Husband,White,Male,0,0,40,United-States,1
11086.29418,Private,135436.2698,11th,7,Married-civ-spouse,Handlers-cleaners,Husband,White,Male,1.048496331,0.539167844,69.10120522,United-States,1
50,Self-emp-inc,104849,Prof-school,15,Married-civ-spouse,Prof-specialty,Husband,Asian-Pac-Islander,Male,0,0,40,India,1
29,Private,138537,Assoc-voc,11,Married-civ-spouse,Craft-repair,Husband,Asian-Pac-Islander,Male,0,0,40,Laos,0
31,Private,46807,Bachelors,13,Never-married,Tech-support,Not-in-family,White,Male,0,0,40,United-States,0
46,?,443179,Bachelors,13,Divorced,?,Not-in-family,White,Female,0,0,8,United-States,1
37,Local-gov,31023,Some-college,10,Married-civ-spouse,Other-service,Husband,White,Male,0,0,40,United-States,1
30,Local-gov,289442,HS-grad,9,Never-married,Protective-serv,Not-in-family,White,Male,0,0,40,United-States,1
44,Private,40024,Bachelors,13,Married-civ-spouse,Transport-moving,Husband,White,Male,0,0,52,United-States,1
48,Private,121124,Some-college,10,Married-civ-spouse,Other-service,Husband,White,Male,0,0,40,United-States,1
33,Private,208405,Masters,14,Married-civ-spouse,Prof-specialty,Husband,White,Male,0,0,50,United-States,1
23.15406007,Private,141130.649,Bachelors,13,Married-civ-spouse,Prof-specialty,Wife,White,Female,5789.646211,50210.53089,20.04391827,United-States,1
39,Self-emp-not-inc,343476,Bachelors,13,Married-civ-spouse,Prof-specialty,Husband,White,Male,15024,0,50,Japan,1
56,Private,159724,Some-college,10,Married-civ-spouse,Transport-moving,Husband,White,Male,0,0,40,United-States,1
,Local-gov,193960,Masters,14,?,Prof-specialty,Husband,White,Male,0,1902,40,United-States,1
42,Private,129684,HS-grad,9,Divorced,Exec-managerial,Not-in-family,Black,Female,5455,0,50,United-States,0
53,Private,82646,Doctorate,16,Divorced,Exec-managerial,Not-in-family,White,Female,0,0,55,United-States,1
42,Self-emp-inc,204598,Assoc-voc,11,Married-civ-spouse,Other-service,Husband,White,Male,3464,0,80,United-States,0
44.2222933,Self-emp-inc,53363.31741,Bachelors,13,Married-civ-spouse,Farming-fishing,Husband,White,Male,-1.337075108,3023.437746,64.38014629,United-States,1
48,Self-emp-inc,155664,Prof-school,15,Married-civ-spouse,Prof-specialty,Husband,White,Male,0,0,60,United-States,1
43,Private,122975,HS-grad,9,Married-civ-spouse,Machine-op-inspct,Wife,Black,Female,0,0,21,Trinadad&Tobago,0
24,Private,69640,Bachelors,,Never-married,Sales,Own-child,?,Male,0,0,40,United-States,0
34,Private,198634,Assoc-voc,11,Never-married,Adm-clerical,Not-in-family,White,Female,0,0,40,United-States,0
45,Private,226081,Assoc-voc,11,Married-civ-spouse,Craft-repair,Husband,White,Male,0,0,40,United-States,0
20,Private,203240,9th,5,Never-married,Sales,Own-child,White,Female,0,0,32,United-States,1
27.53078867,Private,164544.9656,Some-college,10,Never-married,Exec-managerial,Not-in-family,White,Female,3809.656843,0.682636084,37.16802744,United-States,1
59,Private,193335,HS-grad,9,Married-civ-spouse,Craft-repair,Husband,White,Male,0,0,40,United-States,1
53,Self-emp-inc,263925,HS-grad,9,Married-civ-spouse,Sales,Husband,White,Male,99999,0,40,United-States,1
21,Private,216867,Some-college,10,Never-married,Handlers-cleaners,Own-child,White,Male,0,0,40,United-States,0
64,Private,270333,Bachelors,13,Married-civ-spouse,Prof-specialty,Husband,White,Male,0,0,40,United-States,1
22,Private,54164,HS-grad,9,Never-married,Other-service,Not-in-family,White,Male,14084,0,60,United-States,1
30,Private,39386,Some-college,10,Married-civ-spouse,Exec-managerial,Husband,Black,Male,0,0,99,United-States,0
31,Self-emp-not-inc,162442,Bachelors,13,Married-civ-spouse,Exec-managerial,Wife,White,Female,0,0,40,United-States,1
25,Private,629900,Bachelors,13,Married-civ-spouse,Prof-specialty,Wife,Black,Female,0,0,40,United-States,1
20,?,244689,Some-college,10,Never-married,?,Not-in-family,White,Female,0,0,25,United-States,1
34,Private,207301,HS-grad,9,Divorced,Machine-op-inspct,Unmarried,White,Female,0,0,20,United-States,0
47,Private,189680,HS-grad,9,Separated,Craft-repair,Unmarried,White,Male,0,0,40,United-States,1
50,Federal-gov,193116,HS-grad,9,Married-civ-spouse,Exec-managerial,Husband,White,Male,0,0,40,United-States,1
44,Private,239723,?,10,Married-spouse-absent,Craft-repair,Unmarried,White,Female,1506,0,,United-States,0
